S/N,Title,scraped_at
1,"Iran ready to discuss compromises to reach nuclear deal, minister tells BBC in Tehran",2026-02-15 09:06:45.137316
2,'Trump will be gone in three years': Top Democrats try to reassure Europe,2026-02-15 09:06:45.137316
3,Is this a 'very Chinese time in your life'? The trend boosting China's soft power,2026-02-15 09:06:45.137316
4,Death of the sex drive - and the great debate over whether testosterone can help get it back,2026-02-15 09:06:45.137316
5,"Russia killed opposition leader Navalny using dart frog toxin, UK and European allies say",2026-02-15 09:06:45.137316
6,Foreign secretary quizzed by Laura Kuenssberg after UK says Russia killed Alexei Navalny,2026-02-15 09:06:45.137316
7,Obama addresses racist video shared by Trump depicting him as an ape,2026-02-15 09:06:45.137316
8,Russian 'pick-up artist' accused of secretly filming women in Ghana,2026-02-15 09:06:45.137316
9,The spectacular multimillion-euro heist nobody noticed,2026-02-15 09:06:45.137316
10,After the landslide: Can India reset ties with a BNP-led Bangladesh?,2026-02-15 09:06:45.137316
11,"An abduction, a Bitcoin demand and a TV icon - why Nancy Guthrie's case has gripped the US",2026-02-15 09:06:45.137316
12,Motorbike raids on villages kill at least 30 in Nigeria,2026-02-15 09:06:45.137316
13,Police wear fancy dress in Rio Carnival phone theft sting,2026-02-15 09:06:45.137316
14,Winter Olympics,2026-02-15 09:06:45.137316
15,Canada accused of cheating again in curling row,2026-02-15 09:06:45.137316
16,The samba-dancing skier making Brazil Olympic history,2026-02-15 09:06:45.137316
17,The two Chinese-American Olympians competing for rival superpowers,2026-02-15 09:06:45.137316
18,From pizza delivery man to Winter Olympics hopeful,2026-02-15 09:06:45.137316
19,Why are Team GB so good at skeleton?,2026-02-15 09:06:45.137316
20,More to explore,2026-02-15 09:06:45.137316
21,What the Nigella Lawson effect will mean for the Great British Bake Off,2026-02-15 09:06:45.137316
22,Red eyes and black beaches: How one of the worst environmental disasters left its mark,2026-02-15 09:06:45.137316
23,Are families being priced out of restaurants?,2026-02-15 09:06:45.137316
24,Ros Atkins on... Mandelson and the vetting system,2026-02-15 09:06:45.137316
25,"Rae fell for a chatbot called Barry, but their love might die when ChatGPT-4o is switched off",2026-02-15 09:06:45.137316
26,Most watched,2026-02-15 09:06:45.137316
27,Teen who killed two in crash filmed herself speeding on Snapchat,2026-02-15 09:06:45.137316
28,Watch: Moment crew docks at International Space Station,2026-02-15 09:06:45.137316
29,Dimbleby: I 'strongly believe' King wants Andrew to testify on Epstein,2026-02-15 09:06:45.137316
30,Gasps and disbelief in US as 'Quad God's' Olympic dream crumbles,2026-02-15 09:06:45.137316
31,Tribes grant the Colorado River legal personhood - can this help save it?,2026-02-15 09:06:45.137316
32,Also in news,2026-02-15 09:06:45.137316
33,Watch: 'I am a survivor' Gis√®le Pelicot tells BBC Newsnight,2026-02-15 09:06:45.137316
34,Rubio says US and Europe 'belong together' despite tensions,2026-02-15 09:06:45.137316
35,"Europe must be ready to fight, Starmer tells Munich Security Conference",2026-02-15 09:06:45.137316
36,Former UK Foreign Office cat Palmerston dies in Bermuda,2026-02-15 09:06:45.137316
37,Casey Wasserman to sell talent agency after Epstein fallout,2026-02-15 09:06:45.137316
38,No arrests made after police search residence near Nancy Guthrie's home,2026-02-15 09:06:45.137316
39,Planned US-funded baby vaccine trial in Guinea-Bissau blasted by WHO,2026-02-15 09:06:45.137316
40,Most read,2026-02-15 09:06:45.137316
41,'Trump will be gone in three years': Top Democrats try to reassure Europe,2026-02-15 09:06:45.137316
42,Obama addresses racist video shared by Trump depicting him as an ape,2026-02-15 09:06:45.137316
43,Death of the sex drive - and the great debate over whether testosterone can help get it back,2026-02-15 09:06:45.137316
44,The spectacular multimillion-euro heist nobody noticed,2026-02-15 09:06:45.137316
45,"Russia killed opposition leader Alexei Navalny using dart frog toxin, UK says",2026-02-15 09:06:45.137316
46,"Iran ready to discuss compromises to reach nuclear deal, minister tells BBC in Tehran",2026-02-15 09:06:45.137316
47,What the Nigella Lawson effect will mean for the Great British Bake Off,2026-02-15 09:06:45.137316
48,Is this a 'very Chinese time in your life'? The trend boosting China's soft power,2026-02-15 09:06:45.137316
49,"An abduction, a Bitcoin demand and a TV icon - why Nancy Guthrie's case has gripped the US",2026-02-15 09:06:45.137316
50,"Man claimed girlfriend was killed in car crash, but forensics revealed the truth",2026-02-15 09:06:45.137316
51,Sport,2026-02-15 09:06:45.137316
52,"Winter Olympics: GB face Germany in curling, plus bobsleigh action",2026-02-15 09:06:45.137316
53,"Bewildering, bewitching, brilliant - Scotland's perfect day",2026-02-15 09:06:45.137316
54,Is Zubimendi Arsenal's best player?,2026-02-15 09:06:45.137316
55,GB women stun curling world champions Canada and Muir into big air final,2026-02-15 09:06:45.137316
56,'The officials looked petrified' - was Villa Park chaos advert for VAR?,2026-02-15 09:06:45.137316
57,"Three years on, Deulofeu is still fighting for 'miracle' return",2026-02-15 09:06:45.137316
58,"'Older, more mature, better' - how Banton built breakthrough knock",2026-02-15 09:06:45.137316
59,Sign up to News Briefing,2026-02-15 09:06:45.137316
